,date,num,start,end
0,2021-08-02 00:00:00,1,11:05:00,15:00:00
1,2021-08-04 00:00:00,1,11:55:00,13:20:00
2,2021-08-05 00:00:00,1,8:30:00,10:35:00
3,2021-08-05 00:00:00,2,11:25:00,15:00:00
4,2021-08-06 00:00:00,1,8:50:00,9:25:00
5,2021-08-06 00:00:00,2,10:20:00,12:45:00
6,2021-08-09 00:00:00,1,9:45:00,12:35:00
7,2021-08-10 00:00:00,1,10:50:00,11:45:00
8,2021-08-12 00:00:00,1,10:30:00,11:10:00
9,2021-08-16 00:00:00,1,9:05:00,11:00:00
10,2021-08-16 00:00:00,2,13:45:00,15:00:00
11,2021-08-19 00:00:00,1,13:00:00,14:35:00
12,2021-08-20 00:00:00,1,8:30:00,9:00:00
13,2021-08-23 00:00:00,1,8:30:00,10:00:00
14,2021-08-23 00:00:00,2,10:40:00,11:15:00
15,2021-08-23 00:00:00,3,12:00:00,13:10:00
16,2021-08-24 00:00:00,1,8:30:00,10:10:00
17,2021-08-24 00:00:00,2,10:40:00,14:25:00
18,2021-08-25 00:00:00,1,9:55:00,13:30:00
19,2021-08-26 00:00:00,1,08:30:00,09:10:00
20,2021-08-26 00:00:00,2,10:45:00,12:00:00
21,2021-08-26 00:00:00,3,13:35:00,14:50:00
22,2021-08-30 00:00:00,1,10:05:00,10:55:00
23,2021-09-03 00:00:00,1,11:00:00,11:45:00
24,2021-09-03 00:00:00,2,12:35:00,13:25:00
25,2021-09-08 00:00:00,1,10:50:00,11:20:00
26,2021-09-08 00:00:00,2,12:25:00,13:05:00
27,2021-09-09 00:00:00,1,08:30:00,10:00:00
28,2021-09-09 00:00:00,2,10:45:00,11:15:00
29,2021-09-09 00:00:00,3,13:40:00,15:00:00
30,2021-09-10 00:00:00,1,09:35:00,11:20:00
31,2021-09-10 00:00:00,2,12:15:00,12:45:00
32,2021-09-13 00:00:00,1,11:45:00,15:00:00
33,2021-09-14 00:00:00,1,10:10:00,11:05:00
34,2021-09-14 00:00:00,2,12:20:00,13:55:00
35,2021-09-16 00:00:00,1,09:15:00,11:20:00
36,2021-09-16 00:00:00,2,12:05:00,13:10:00
37,2021-09-17 00:00:00,1,11:00:00,11:45:00
38,2021-09-17 00:00:00,2,12:55:00,14:00:00
39,2021-09-20 00:00:00,1,12:00:00,12:50:00
40,2021-09-20 00:00:00,2,14:15:00,15:00:00
41,2021-09-21 00:00:00,1,10:05:00,14:45:00
42,2021-09-22 00:00:00,1,11:00:00,11:45:00
43,2021-09-22 00:00:00,2,12:40:00,13:40:00
44,2021-09-24 00:00:00,1,08:30:00,12:15:00
45,2021-09-28 00:00:00,1,11:45:00,12:30:00
46,2021-09-29 00:00:00,1,10:30:00,11:20:00
47,2021-09-29 00:00:00,2,12:30:00,13:35:00
48,2021-09-30 00:00:00,1,08:45:00,12:15:00
49,2021-09-30 00:00:00,2,12:50:00,13:40:00
50,2021-10-01 00:00:00,1,08:30:00,09:10:00
51,2021-10-01 00:00:00,2,10:00:00,13:25:00
52,2021-10-04 00:00:00,1,08:30:00,09:00:00
53,2021-10-04 00:00:00,2,10:45:00,12:00:00
54,2021-10-07 00:00:00,1,09:15:00,11:20:00
55,2021-10-07 00:00:00,2,13:00:00,14:15:00
56,2021-10-11 00:00:00,1,10:00:00,10:30:00
57,2021-10-12 00:00:00,1,12:05:00,12:50:00
58,2021-10-15 00:00:00,1,10:00:00,10:30:00
59,2021-10-15 00:00:00,2,11:30:00,13:00:00
60,2021-10-19 00:00:00,1,09:15:00,11:30:00
61,2021-10-20 00:00:00,1,08:30:00,13:30:00
62,2021-10-21 00:00:00,1,08:30:00,09:00:00
63,2021-10-21 00:00:00,2,10:45:00,14:45:00
64,2021-10-22 00:00:00,1,10:50:00,12:20:00
65,2021-10-22 00:00:00,2,13:20:00,15:00:00
66,2021-10-25 00:00:00,1,12:05:00,13:05:00
67,2021-10-27 00:00:00,1,09:30:00,09:32:00
68,2021-10-27 00:00:00,2,11:45:00,13:05:00
69,2021-10-27 00:00:00,3,13:35:00,14:05:00
70,2021-10-28 00:00:00,1,11:20:00,13:20:00
71,2021-10-28 00:00:00,2,14:00:00,15:00:00
72,2021-10-29 00:00:00,1,09:30:00,13:05:00
73,2021-11-01 00:00:00,1,11:35:00,15:00:00
74,2021-11-02 00:00:00,1,08:30:00,13:30:00
75,2021-11-03 00:00:00,1,08:30:00,09:20:00
76,2021-11-03 00:00:00,2,11:15:00,12:15:00
77,2021-11-05 00:00:00,1,09:10:00,10:40:00
78,2021-11-05 00:00:00,2,11:15:00,12:05:00
79,2021-11-10 00:00:00,1,10:00:00,10:30:00
80,2021-11-10 00:00:00,2,13:35:00,15:00:00
81,2021-11-11 00:00:00,1,08:30:00,09:15:00
82,2021-11-11 00:00:00,2,11:20:00,13:20:00
83,2021-11-16 00:00:00,1,09:35:00,11:30:00
84,2021-11-17 00:00:00,1,12:40:00,15:00:00
85,2021-11-18 00:00:00,1,11:05:00,11:35:00
86,2021-11-18 00:00:00,2,12:00:00,13:40:00
87,2021-11-22 00:00:00,1,09:00:00,10:40:00
88,2021-11-22 00:00:00,2,12:00:00,12:35:00
89,2021-11-23 00:00:00,1,09:15:00,13:30:00
90,2021-11-29 00:00:00,1,10:45:00,11:50:00
91,2021-11-30 00:00:00,1,12:15:00,14:45:00
92,2021-12-02 00:00:00,1,10:35:00,11:30:00
93,2021-12-06 00:00:00,1,08:30:00,13:40:00
94,2021-12-06 00:00:00,2,14:05:00,15:00:00
95,2021-12-07 00:00:00,1,11:40:00,12:05:00
96,2021-12-09 00:00:00,1,08:50:00,09:35:00
97,2021-12-09 00:00:00,2,12:30:00,13:20:00
98,2021-12-14 00:00:00,1,11:00:00,13:30:00
99,2021-12-15 00:00:00,1,10:45:00,14:20:00
100,2021-12-17 00:00:00,1,09:20:00,10:00:00
101,2021-12-17 00:00:00,2,10:55:00,11:35:00
102,2021-12-17 00:00:00,3,13:10:00,14:05:00
103,2021-12-20 00:00:00,1,10:00:00,10:35:00
104,2021-12-20 00:00:00,2,10:45:00,14:00:00
105,2021-12-21 00:00:00,1,09:00:00,12:15:00
106,2021-12-21 00:00:00,2,13:05:00,15:00:00
107,2021-12-22 00:00:00,1,08:50:00,09:30:00
108,2021-12-22 00:00:00,2,10:05:00,11:25:00
109,2021-12-22 00:00:00,3,12:45:00,14:00:00
110,2021-12-23 00:00:00,1,10:10:00,11:30:00
111,2021-12-23 00:00:00,2,13:45:00,14:00:00
112,2021-12-27 00:00:00,1,09:00:00,10:30:00
113,2021-12-27 00:00:00,2,10:35:00,10:55:00
114,2021-12-27 00:00:00,3,12:20:00,12:45:00
115,2021-12-27 00:00:00,4,13:45:00,15:00:00
116,2021-12-29 00:00:00,1,11:15:00,12:50:00
117,2021-12-29 00:00:00,2,13:40:00,15:00:00
118,2021-12-30 00:00:00,1,08:45:00,09:45:00
119,2021-12-30 00:00:00,2,10:30:00,12:35:00
120,2021-12-31 00:00:00,1,10:05:00,10:30:00
121,2022-01-03 00:00:00,1,08:50:00,11:30:00
122,2022-01-04 00:00:00,1,10:30:00,11:00:00
123,2022-01-05 00:00:00,1,08:30:00,09:15:00
124,2022-01-10 00:00:00,1,12:15:00,13:05:00
125,2022-01-10 00:00:00,2,13:45:00,15:00:00
126,2022-01-11 00:00:00,1,09:00:00,14:05:00
127,2022-01-12 00:00:00,1,09:30:00,11:45:00
128,2022-01-12 00:00:00,2,12:25:00,13:20:00
129,2022-01-12 00:00:00,3,13:45:00,15:00:00
130,2022-01-13 00:00:00,1,10:00:00,11:05:00
131,2022-01-13 00:00:00,2,11:55:00,13:05:00
132,2022-01-14 00:00:00,1,11:00:00,12:35:00
133,2022-01-14 00:00:00,2,14:00:00,15:00:00
134,2022-01-19 00:00:00,1,09:30:00,10:55:00
135,2022-01-19 00:00:00,2,12:25:00,13:15:00
136,2022-01-19 00:00:00,3,13:45:00,14:15:00
137,2022-01-20 00:00:00,1,08:45:00,10:40:00
138,2022-01-20 00:00:00,2,11:10:00,12:00:00
139,2022-01-20 00:00:00,3,12:20:00,13:05:00
140,2022-01-21 00:00:00,1,12:25:00,13:40:00
141,2022-01-25 00:00:00,1,09:05:00,13:35:00
142,2022-01-27 00:00:00,1,12:30:00,13:05:00
143,2022-01-27 00:00:00,2,13:35:00,15:00:00
144,2022-01-28 00:00:00,1,10:15:00,11:10:00
145,2022-01-28 00:00:00,2,11:40:00,12:30:00
146,2022-01-28 00:00:00,3,13:10:00,15:00:00
147,2022-01-31 00:00:00,1,10:40:00,11:55:00
148,2022-01-31 00:00:00,2,12:50:00,15:00:00
149,2022-02-02 00:00:00,1,11:50:00,15:00:00
150,2022-02-04 00:00:00,1,12:00:00,13:00:00
151,2022-02-04 00:00:00,2,13:30:00,14:00:00
152,2022-02-10 00:00:00,1,08:30:00,09:10:00
153,2022-02-10 00:00:00,2,09:55:00,11:00:00
154,2022-02-16 00:00:00,1,08:30:00,10:00:00
155,2022-02-17 00:00:00,1,10:00:00,11:30:00
156,2022-02-17 00:00:00,2,12:10:00,14:45:00
157,2022-02-18 00:00:00,1,08:30:00,10:15:00
158,2022-02-18 00:00:00,2,11:15:00,15:00:00
159,2022-02-22 00:00:00,1,09:45:00,10:30:00
160,2022-02-24 00:00:00,1,08:50:00,10:20:00
161,2022-02-24 00:00:00,2,11:10:00,11:45:00
162,2022-02-24 00:00:00,3,14:10:00,15:00:00
163,2022-02-25 00:00:00,1,11:40:00,15:00:00
164,2022-02-28 00:00:00,1,10:50:00,12:30:00
165,2022-02-28 00:00:00,2,13:50:00,15:00:00
166,2022-03-01 00:00:00,1,09:20:00,09:50:00
167,2022-03-01 00:00:00,2,10:20:00,11:05:00
168,2022-03-01 00:00:00,3,13:40:00,15:00:00
169,2022-03-02 00:00:00,1,10:00:00,14:20:00
170,2022-03-03 00:00:00,1,10:00:00,11:35:00
171,2022-03-03 00:00:00,2,12:05:00,13:05:00
172,2022-03-03 00:00:00,3,13:35:00,15:00:00
173,2022-03-04 00:00:00,1,10:20:00,10:50:00
174,2022-03-04 00:00:00,2,11:15:00,13:30:00
175,2022-03-07 00:00:00,1,11:20:00,12:40:00
176,2022-03-07 00:00:00,2,13:40:00,14:50:00
177,2022-03-08 00:00:00,1,08:30:00,09:00:00
178,2022-03-08 00:00:00,2,10:00:00,10:45:00
179,2022-03-08 00:00:00,3,11:35:00,12:35:00
180,2022-03-10 00:00:00,1,14:05:00,15:00:00
181,2022-03-11 00:00:00,1,12:05:00,13:30:00
182,2022-03-18 00:00:00,1,10:10:00,12:45:00
183,2022-03-21 00:00:00,1,08:30:00,09:00:00
184,2022-03-21 00:00:00,2,10:30:00,11:40:00
185,2022-03-21 00:00:00,3,13:25:00,14:20:00
186,2022-03-25 00:00:00,1,09:35:00,10:50:00
187,2022-03-25 00:00:00,2,12:25:00,13:30:00
188,2022-03-28 00:00:00,1,10:00:00,11:10:00
189,2022-03-29 00:00:00,1,08:30:00,10:30:00
190,2022-03-29 00:00:00,2,11:15:00,13:20:00
191,2022-03-29 00:00:00,3,13:35:00,15:00:00
192,2022-03-30 00:00:00,1,12:05:00,13:20:00
193,2022-03-31 00:00:00,1,10:55:00,11:45:00
194,2022-04-01 00:00:00,1,10:00:00,10:30:00
195,2022-04-01 00:00:00,2,11:50:00,12:35:00
196,2022-04-05 00:00:00,1,09:45:00,10:20:00
197,2022-04-05 00:00:00,2,11:40:00,12:40:00
198,2022-04-06 00:00:00,1,08:50:00,09:20:00
199,2022-04-06 00:00:00,2,09:45:00,10:10:00
200,2022-04-06 00:00:00,3,10:30:00,11:00:00
201,2022-04-06 00:00:00,4,11:30:00,12:05:00
202,2022-04-06 00:00:00,5,13:40:00,15:00:00
203,2022-04-07 00:00:00,1,09:10:00,09:35:00
204,2022-04-07 00:00:00,2,11:15:00,12:40:00
205,2022-04-07 00:00:00,3,12:55:00,15:00:00
206,2022-04-08 00:00:00,1,08:35:00,09:15:00
207,2022-04-08 00:00:00,2,10:00:00,10:40:00
208,2022-04-08 00:00:00,3,11:05:00,13:25:00
209,2022-04-11 00:00:00,1,12:00:00,12:45:00
210,2022-04-11 00:00:00,2,13:45:00,15:00:00
211,2022-04-12 00:00:00,1,10:00:00,10:45:00
212,2022-04-12 00:00:00,2,11:50:00,12:20:00
213,2022-04-12 00:00:00,3,12:50:00,13:15:00
214,2022-04-13 00:00:00,1,09:45:00,13:30:00
215,2022-04-14 00:00:00,1,10:50:00,13:00:00
216,2022-04-19 00:00:00,1,12:15:00,12:40:00
217,2022-04-20 00:00:00,1,11:05:00,12:15:00
218,2022-04-21 00:00:00,1,10:45:00,11:15:00
219,2022-04-21 00:00:00,2,11:50:00,12:15:00
220,2022-04-21 00:00:00,3,12:40:00,13:05:00
221,2022-04-27 00:00:00,1,11:20:00,13:05:00
222,2022-04-29 00:00:00,1,11:30:00,11:55:00
223,2022-05-02 00:00:00,1,10:05:00,12:15:00
224,2022-05-03 00:00:00,1,11:35:00,12:00:00
225,2022-05-04 00:00:00,1,10:50:00,12:05:00
226,2022-05-06 00:00:00,1,11:15:00,12:05:00
227,2022-05-06 00:00:00,2,12:25:00,12:50:00
228,2022-05-06 00:00:00,3,13:15:00,15:00:00
229,2022-05-09 00:00:00,1,10:15:00,11:25:00
230,2022-05-09 00:00:00,2,12:10:00,12:35:00
231,2022-05-11 00:00:00,1,10:10:00,12:15:00
232,2022-05-12 00:00:00,1,10:40:00,11:20:00
233,2022-05-12 00:00:00,2,12:25:00,13:45:00
234,2022-05-13 00:00:00,1,08:50:00,12:50:00
235,2022-05-16 00:00:00,1,10:10:00,10:30:00
236,2022-05-16 00:00:00,2,10:35:00,11:00:00
237,2022-05-16 00:00:00,3,11:40:00,12:05:00
238,2022-05-16 00:00:00,4,12:25:00,12:50:00
239,2022-05-19 00:00:00,1,09:45:00,11:10:00
240,2022-05-19 00:00:00,2,11:45:00,14:05:00
241,2022-05-20 00:00:00,1,10:05:00,10:30:00
242,2022-05-20 00:00:00,2,12:25:00,13:00:00
243,2022-05-24 00:00:00,1,10:40:00,13:35:00
244,2022-05-31 00:00:00,1,10:10:00,12:00:00
245,2022-06-08 00:00:00,1,12:35:00,13:10:00
246,2022-06-09 00:00:00,1,11:30:00,12:50:00
247,2022-06-10 00:00:00,1,10:50:00,12:15:00
248,2022-06-13 00:00:00,1,10:40:00,11:50:00
249,2022-06-17 00:00:00,1,10:00:00,10:45:00
250,2022-06-17 00:00:00,2,11:50:00,12:30:00
251,2022-06-17 00:00:00,3,13:05:00,13:30:00
252,2022-06-21 00:00:00,1,10:45:00,11:40:00
253,2022-06-21 00:00:00,2,11:45:00,12:15:00
254,2022-06-22 00:00:00,1,08:30:00,11:50:00
255,2022-06-22 00:00:00,2,12:15:00,12:50:00
256,2022-06-23 00:00:00,1,11:43:00,12:15:00
257,2022-06-28 00:00:00,1,09:35:00,10:20:00
258,2022-06-28 00:00:00,2,11:00:00,12:05:00
259,2022-06-28 00:00:00,3,12:40:00,13:10:00
260,2022-06-29 00:00:00,1,11:35:00,11:50:00
261,2022-06-29 00:00:00,2,12:15:00,13:20:00
262,2022-07-01 00:00:00,1,10:00:00,10:30:00
263,2022-07-01 00:00:00,2,10:45:00,11:35:00
264,2022-07-01 00:00:00,3,11:45:00,12:45:00
265,2022-07-05 00:00:00,1,13:00:00,13:30:00
266,2022-07-07 00:00:00,1,10:10:00,10:35:00
267,2022-07-07 00:00:00,2,11:40:00,12:20:00
268,2022-07-11 00:00:00,1,10:00:00,10:30:00
269,2022-07-11 00:00:00,2,11:15:00,12:25:00
270,2022-07-13 00:00:00,1,11:15:00,13:00:00
271,2022-07-14 00:00:00,1,11:55:00,12:20:00
272,2022-07-19 00:00:00,1,10:35:00,13:00:00
273,2022-07-20 00:00:00,1,10:45:00,11:15:00
274,2022-07-21 00:00:00,1,10:15:00,11:05:00
275,2022-07-21 00:00:00,2,12:05:00,12:50:00
276,2022-07-26 00:00:00,1,10:55:00,11:50:00
277,2022-07-26 00:00:00,2,13:00:00,13:15:00
278,2022-07-27 00:00:00,1,12:00:00,13:20:00
279,2022-07-28 00:00:00,1,10:00:00,10:30:00
280,2022-07-29 00:00:00,1,11:45:00,12:45:00
281,2022-08-01 00:00:00,1,10:45:00,11:25:00
282,2022-08-02 00:00:00,1,10:10:00,12:10:00
283,2022-08-04 00:00:00,1,10:50:00,12:35:00
284,2022-08-04 00:00:00,2,12:40:00,13:15:00
285,2022-08-09 00:00:00,1,11:50:00,13:15:00
286,2022-08-10 00:00:00,1,09:50:00,13:10:00
287,2022-08-11 00:00:00,1,10:50:00,11:35:00
288,2022-08-11 00:00:00,2,12:05:00,13:00:00
289,2022-08-12 00:00:00,1,10:05:00,11:35:00
290,2022-08-18 00:00:00,1,11:35:00,12:45:00
291,2022-08-19 00:00:00,1,10:10:00,11:05:00
292,2022-08-19 00:00:00,2,11:25:00,11:55:00
293,2022-08-22 00:00:00,1,10:55:00,11:20:00
294,2022-08-22 00:00:00,2,12:35:00,13:30:00
295,2022-08-23 00:00:00,1,11:15:00,13:00:00
296,2022-08-24 00:00:00,1,10:50:00,11:30:00
297,2022-08-24 00:00:00,2,11:55:00,12:15:00
298,2022-08-24 00:00:00,3,12:50:00,13:25:00
299,2022-08-26 00:00:00,1,10:50:00,11:30:00
300,2022-08-29 00:00:00,1,11:10:00,13:20:00
301,2022-09-02 00:00:00,1,10:10:00,11:10:00
302,2022-09-06 00:00:00,1,10:25:00,11:05:00
303,2022-09-07 00:00:00,1,11:55:00,12:20:00
304,2022-09-08 00:00:00,1,10:10:00,10:35:00
305,2022-09-08 00:00:00,2,11:15:00,12:20:00
306,2022-09-08 00:00:00,3,12:45:00,13:15:00
307,2022-09-09 00:00:00,1,10:00:00,11:40:00
308,2022-09-12 00:00:00,1,10:20:00,11:05:00
309,2022-09-13 00:00:00,1,10:00:00,10:30:00
310,2022-09-13 00:00:00,2,12:30:00,13:10:00
311,2022-09-14 00:00:00,1,10:50:00,11:50:00
312,2022-09-14 00:00:00,2,12:05:00,12:45:00
313,2022-09-15 00:00:00,1,10:00:00,10:35:00
314,2022-09-15 00:00:00,2,11:10:00,12:10:00
315,2022-09-19 00:00:00,1,08:30:00,14:00:00
316,2022-09-20 00:00:00,1,11:30:00,12:05:00
317,2022-09-20 00:00:00,2,12:20:00,13:10:00
318,2022-09-21 00:00:00,1,10:30:00,12:35:00
319,2022-09-21 00:00:00,2,13:20:00,14:00:00
320,2022-09-22 00:00:00,1,11:00:00,11:20:00
321,2022-09-22 00:00:00,2,12:15:00,12:35:00
322,2022-09-23 00:00:00,1,10:00:00,10:30:00
323,2022-09-23 00:00:00,2,11:10:00,12:20:00
324,2022-09-26 00:00:00,1,12:15:00,13:00:00
325,2022-09-27 00:00:00,1,11:10:00,11:35:00
326,2022-09-27 00:00:00,2,12:00:00,13:10:00
327,2022-09-28 00:00:00,1,10:35:00,11:15:00
328,2022-09-28 00:00:00,2,11:50:00,13:20:00
329,2022-09-29 00:00:00,1,10:45:00,11:10:00
330,2022-09-29 00:00:00,2,11:20:00,11:50:00
331,2022-09-30 00:00:00,1,09:50:00,10:45:00
332,2022-10-04 00:00:00,1,10:00:00,11:10:00
333,2022-10-04 00:00:00,2,12:35:00,13:30:00
334,2022-10-05 00:00:00,1,10:15:00,10:45:00
335,2022-10-05 00:00:00,2,11:15:00,11:55:00
336,2022-10-06 00:00:00,1,11:35:00,13:10:00
337,2022-10-07 00:00:00,1,09:05:00,12:15:00
338,2022-10-12 00:00:00,1,11:45:00,12:50:00
339,2022-10-13 00:00:00,1,10:05:00,11:00:00
340,2022-10-13 00:00:00,2,11:55:00,12:30:00
341,2022-10-14 00:00:00,1,11:20:00,11:45:00
342,2022-10-14 00:00:00,2,12:15:00,12:25:00
343,2022-10-17 00:00:00,1,10:30:00,10:55:00
344,2022-10-18 00:00:00,1,10:10:00,12:30:00
345,2022-10-19 00:00:00,1,10:20:00,13:05:00
346,2022-10-20 00:00:00,1,11:05:00,11:45:00
347,2022-10-24 00:00:00,1,11:25:00,12:05:00
348,2022-10-25 00:00:00,1,11:05:00,11:40:00
349,2022-10-27 00:00:00,1,10:50:00,12:35:00
350,2022-10-28 00:00:00,1,12:00:00,13:15:00
351,2022-10-31 00:00:00,1,12:55:00,13:20:00
352,2022-11-02 00:00:00,1,08:30:00,13:35:00
353,2022-11-03 00:00:00,1,10:15:00,11:15:00
354,2022-11-03 00:00:00,2,12:30:00,13:00:00
355,2022-11-04 00:00:00,1,11:05:00,11:35:00
356,2022-11-04 00:00:00,2,13:15:00,13:30:00
357,2022-11-07 00:00:00,1,10:10:00,10:15:00
358,2022-11-09 00:00:00,1,12:30:00,13:05:00
359,2022-11-10 00:00:00,1,12:00:00,12:30:00
360,2022-11-11 00:00:00,1,11:35:00,12:30:00
361,2022-11-14 00:00:00,1,12:05:00,13:00:00
362,2022-11-15 00:00:00,1,10:00:00,10:30:00
363,2022-11-15 00:00:00,2,11:05:00,12:35:00
364,2022-11-16 00:00:00,1,11:05:00,11:45:00
365,2022-11-16 00:00:00,2,12:15:00,13:30:00
366,2022-11-17 00:00:00,1,10:55:00,12:00:00
367,2022-11-18 00:00:00,1,10:00:00,10:20:00
368,2022-11-18 00:00:00,2,11:10:00,11:40:00
369,2022-11-21 00:00:00,1,10:10:00,12:05:00
370,2022-11-22 00:00:00,1,10:30:00,11:30:00
371,2022-11-22 00:00:00,2,11:55:00,12:45:00
372,2022-11-23 00:00:00,1,10:10:00,11:40:00
373,2022-11-23 00:00:00,2,12:15:00,13:30:00
374,2022-11-28 00:00:00,1,11:20:00,11:35:00
375,2022-11-29 00:00:00,1,10:30:00,11:05:00
376,2022-11-29 00:00:00,2,11:50:00,12:10:00
377,2022-11-30 00:00:00,1,10:10:00,10:40:00
378,2022-11-30 00:00:00,2,11:15:00,11:30:00
379,2022-12-01 00:00:00,1,11:00:00,12:25:00
380,2022-12-02 00:00:00,1,10:25:00,11:05:00
381,2022-12-06 00:00:00,1,11:00:00,11:05:00
382,2022-12-06 00:00:00,2,12:35:00,12:50:00
383,2022-12-07 00:00:00,1,12:00:00,12:40:00
384,2022-12-12 00:00:00,1,11:45:00,12:00:00
385,2022-12-13 00:00:00,1,10:00:00,11:10:00
386,2022-12-13 00:00:00,2,12:00:00,12:25:00
387,2022-12-14 00:00:00,1,10:00:00,12:50:00
388,2022-12-15 00:00:00,1,10:40:00,12:05:00
389,2022-12-16 00:00:00,1,12:00:00,12:30:00
390,2022-12-20 00:00:00,1,11:25:00,13:00:00
391,2022-12-22 00:00:00,1,10:00:00,10:30:00
392,2022-12-22 00:00:00,2,13:00:00,13:30:00
393,2022-12-23 00:00:00,1,08:30:00,13:30:00
394,2022-12-27 00:00:00,1,10:00:00,10:35:00
395,2022-12-27 00:00:00,2,11:45:00,12:00:00
396,2022-12-28 00:00:00,1,10:15:00,10:40:00
397,2022-12-28 00:00:00,2,11:05:00,12:15:00
398,2022-12-28 00:00:00,3,12:45:00,13:25:00
399,2022-12-29 00:00:00,1,10:30:00,11:05:00
400,2022-12-29 00:00:00,2,11:45:00,13:15:00
401,2022-12-30 00:00:00,1,10:10:00,13:15:00
402,2023-01-03 00:00:00,1,11:00:00,11:35:00
403,2023-01-03 00:00:00,2,11:50:00,12:40:00
404,2023-01-04 00:00:00,1,10:25:00,12:10:00
405,2023-01-05 00:00:00,1,11:45:00,12:40:00
406,2023-01-09 00:00:00,1,10:35:00,10:50:00
407,2023-01-09 00:00:00,2,11:50:00,12:15:00
408,2023-01-10 00:00:00,1,10:00:00,11:05:00
409,2023-01-10 00:00:00,2,11:25:00,13:05:00
410,2023-01-11 00:00:00,1,12:20:00,13:05:00
411,2023-01-13 00:00:00,1,10:45:00,11:00:00
412,2023-01-13 00:00:00,2,11:45:00,12:05:00
413,2023-01-13 00:00:00,3,12:15:00,12:45:00
414,2023-01-17 00:00:00,1,12:45:00,13:30:00
415,2023-01-18 00:00:00,1,10:00:00,10:20:00
416,2023-01-18 00:00:00,2,12:20:00,12:50:00
417,2023-01-19 00:00:00,1,10:30:00,11:35:00
418,2023-01-19 00:00:00,2,12:15:00,12:40:00
419,2023-01-20 00:00:00,1,10:00:00,11:30:00
420,2023-01-23 00:00:00,1,11:45:00,13:00:00
421,2023-01-24 00:00:00,1,11:00:00,11:35:00
422,2023-01-24 00:00:00,2,12:07:00,12:40:00
423,2023-01-24 00:00:00,3,13:05:00,13:30:00
424,2023-01-25 00:00:00,1,10:20:00,10:35:00
425,2023-01-25 00:00:00,2,11:30:00,11:45:00
426,2023-01-25 00:00:00,3,12:15:00,12:35:00
427,2023-01-26 00:00:00,1,11:45:00,12:00:00
428,2023-01-26 00:00:00,2,13:00:00,13:25:00
429,2023-01-27 00:00:00,1,10:30:00,10:45:00
430,2023-01-27 00:00:00,2,11:45:00,12:15:00
431,2023-01-30 00:00:00,1,10:55:00,11:05:00
432,2023-01-31 00:00:00,1,10:50:00,12:00:00
433,2023-01-31 00:00:00,2,13:10:00,13:30:00
434,2023-02-01 00:00:00,1,11:15:00,11:30:00
435,2023-02-01 00:00:00,2,11:50:00,12:30:00
436,2023-02-03 00:00:00,1,11:30:00,11:50:00
437,2023-02-06 00:00:00,1,10:00:00,13:30:00
438,2023-02-07 00:00:00,1,10:00:00,10:35:00
439,2023-02-07 00:00:00,2,11:35:00,11:50:00
440,2023-02-07 00:00:00,3,12:45:00,13:05:00
441,2023-02-08 00:00:00,1,10:40:00,13:30:00
442,2023-02-09 00:00:00,1,10:05:00,10:50:00
443,2023-02-09 00:00:00,2,11:50:00,12:15:00
444,2023-02-10 00:00:00,1,10:05:00,11:30:00
445,2023-02-10 00:00:00,2,11:50:00,13:10:00
446,2023-02-13 00:00:00,1,10:25:00,12:35:00
447,2023-02-14 00:00:00,1,10:00:00,10:25:00
448,2023-02-14 00:00:00,2,10:55:00,12:20:00
449,2023-02-15 00:00:00,1,10:05:00,13:10:00
450,2023-02-16 00:00:00,1,10:20:00,11:05:00
451,2023-02-17 00:00:00,1,10:00:00,10:20:00
452,2023-02-17 00:00:00,2,10:55:00,11:15:00
453,2023-02-17 00:00:00,3,12:20:00,13:10:00
454,2023-02-21 00:00:00,1,10:10:00,10:30:00
455,2023-02-21 00:00:00,2,11:05:00,12:05:00
456,2023-02-22 00:00:00,1,10:40:00,11:45:00
457,2023-02-24 00:00:00,1,10:10:00,11:00:00
458,2023-02-24 00:00:00,2,11:20:00,12:40:00
459,2023-02-27 00:00:00,1,10:35:00,11:50:00
460,2023-03-01 00:00:00,1,11:40:00,13:30:00
461,2023-03-02 00:00:00,1,11:25:00,13:15:00
462,2023-03-03 00:00:00,1,08:30:00,12:20:00
463,2023-03-06 00:00:00,1,08:30:00,11:20:00
464,2023-03-06 00:00:00,2,12:50:00,13:30:00
465,2023-03-07 00:00:00,1,10:40:00,11:20:00
466,2023-03-08 00:00:00,1,11:00:00,13:20:00
467,2023-05-17 00:00:00,1,10:00:00,13:00:00
468,2023-05-19 00:00:00,1,11:20:00,12:05:00
469,2023-05-22 00:00:00,1,10:20:00,12:15:00
470,2023-05-24 00:00:00,1,12:15:00,13:30:00
471,2023-05-25 00:00:00,1,12:40:00,13:30:00
472,2023-05-26 00:00:00,1,11:45:00,13:00:00
473,2023-05-30 00:00:00,1,12:15:00,13:20:00
474,2023-05-31 00:00:00,1,10:25:00,11:20:00
475,2023-06-01 00:00:00,1,10:05:00,11:15:00
476,2023-06-02 00:00:00,1,11:45:00,13:20:00
477,2023-06-05 00:00:00,1,10:50:00,12:00:00
478,2023-06-06 00:00:00,1,11:15:00,13:30:00
479,2023-06-07 00:00:00,1,10:00:00,13:10:00
480,2023-06-08 00:00:00,1,11:05:00,12:45:00
481,2023-06-09 00:00:00,1,10:13:00,11:45:00
482,2023-06-12 00:00:00,1,10:20:00,10:50:00
483,2023-06-12 00:00:00,2,12:20:00,12:55:00
484,2023-06-13 00:00:00,1,11:40:00,13:15:00
485,2023-06-14 00:00:00,1,11:05:00,12:05:00
486,2023-06-15 00:00:00,1,09:15:00,11:15:00
487,2023-06-16 00:00:00,1,10:50:00,13:30:00
488,2023-06-20 00:00:00,1,12:15:00,13:30:00
489,2023-06-21 00:00:00,1,10:05:00,10:45:00
490,2023-06-21 00:00:00,2,11:20:00,12:00:00
491,2023-06-23 00:00:00,1,10:10:00,12:35:00
492,2023-06-26 00:00:00,1,10:45:00,12:30:00
493,2023-06-27 00:00:00,1,12:20:00,12:45:00
494,2023-06-28 00:00:00,1,10:00:00,10:35:00
495,2023-06-28 00:00:00,2,11:00:00,13:05:00
496,2023-06-29 00:00:00,1,10:40:00,11:15:00
497,2023-06-30 00:00:00,1,10:00:00,11:05:00
498,2023-06-30 00:00:00,2,11:50:00,13:10:00
499,2023-07-05 00:00:00,1,12:35:00,13:10:00
500,2023-07-06 00:00:00,1,10:30:00,13:20:00
501,2023-07-07 00:00:00,1,12:50:00,13:20:00
502,2023-07-10 00:00:00,1,12:25:00,13:15:00
503,2023-07-12 00:00:00,1,11:50:00,12:50:00
504,2023-07-14 00:00:00,1,10:05:00,11:00:00
505,2023-07-17 00:00:00,1,13:00:00,13:30:00
506,2023-07-18 00:00:00,1,11:00:00,11:40:00
507,2023-07-18 00:00:00,2,11:55:00,13:00:00
508,2023-07-19 00:00:00,1,11:00:00,12:30:00
509,2023-07-20 00:00:00,1,10:50:00,11:55:00
510,2023-07-21 00:00:00,1,10:00:00,10:50:00
511,2023-07-24 00:00:00,1,10:15:00,12:30:00
512,2023-07-25 00:00:00,1,12:00:00,12:55:00
513,2023-07-26 00:00:00,1,11:40:00,13:20:00
514,2023-07-27 00:00:00,1,10:00:00,10:35:00
515,2023-07-27 00:00:00,2,10:45:00,12:00:00
516,2023-07-28 00:00:00,1,11:45:00,13:00:00
517,2023-07-31 00:00:00,1,11:55:00,12:20:00
518,2023-07-31 00:00:00,2,12:40:00,13:15:00
519,2023-08-01 00:00:00,1,10:45:00,11:50:00
520,2023-08-03 00:00:00,1,11:05:00,12:00:00
521,2023-08-04 00:00:00,1,10:00:00,12:50:00
522,2023-08-07 00:00:00,1,10:00:00,12:30:00
523,2023-08-08 00:00:00,1,08:30:00,13:30:00
524,2023-08-09 00:00:00,1,10:00:00,10:40:00
525,2023-08-09 00:00:00,2,11:20:00,13:20:00
526,2023-08-10 00:00:00,1,12:00:00,12:45:00
527,2023-08-11 00:00:00,1,10:05:00,13:00:00
528,2023-08-15 00:00:00,1,11:30:00,12:00:00
529,2023-08-16 00:00:00,1,10:00:00,10:40:00
530,2023-08-16 00:00:00,2,12:20:00,13:00:00
531,2023-08-18 00:00:00,1,10:05:00,11:15:00
532,2023-08-18 00:00:00,2,12:00:00,12:40:00
533,2023-08-21 00:00:00,1,11:40:00,12:35:00
534,2023-08-21 00:00:00,2,13:15:00,13:30:00
535,2023-08-23 00:00:00,1,12:00:00,12:35:00
536,2023-08-24 00:00:00,1,10:55:00,11:30:00
537,2023-08-24 00:00:00,2,12:55:00,13:00:00
538,2023-08-25 00:00:00,1,10:55:00,11:35:00
539,2023-08-25 00:00:00,2,12:35:00,13:30:00
540,2023-08-28 00:00:00,1,11:20:00,12:45:00
541,2023-08-29 00:00:00,1,11:45:00,12:30:00
542,2023-08-31 00:00:00,1,11:45:00,13:00:00
543,2023-09-01 00:00:00,1,10:30:00,11:15:00
544,2023-09-01 00:00:00,2,12:35:00,13:20:00
545,2023-09-05 00:00:00,1,10:10:00,10:35:00
546,2023-09-06 00:00:00,1,10:00:00,13:10:00
547,2023-09-07 00:00:00,1,11:55:00,13:20:00
548,2023-09-11 00:00:00,1,11:15:00,13:30:00
549,2023-09-13 00:00:00,1,12:35:00,13:30:00
550,2023-09-14 00:00:00,1,10:55:00,11:50:00
551,2023-09-15 00:00:00,1,10:10:00,11:10:00
552,2023-09-19 00:00:00,1,11:35:00,12:30:00
553,2023-09-21 00:00:00,1,10:55:00,11:30:00
554,2023-09-21 00:00:00,2,12:05:00,12:45:00
555,2023-09-22 00:00:00,1,11:30:00,12:05:00
556,2023-09-25 00:00:00,1,11:00:00,11:45:00
557,2023-09-26 00:00:00,1,10:30:00,11:50:00
558,2023-09-29 00:00:00,1,11:00:00,12:00:00
559,2023-10-02 00:00:00,1,10:30:00,10:50:00
560,2023-10-02 00:00:00,2,11:05:00,11:25:00
561,2023-10-04 00:00:00,1,13:00:00,13:15:00
562,2023-10-05,1,11:05:00,11:50:00
563,2023-10-05,2,12:35:00,13:05:00
564,2023-10-06,1,10:35:00,11:50:00
565,2023-10-09,1,13:00:00,13:30:00
566,2023-10-10,1,10:05:00,13:15:00
567,2023-10-11,1,10:20:00,11:50:00
568,2023-10-12,1,12:50:00,13:30:00
569,2023-10-13,1,11:10:00,12:05:00
570,2023-10-13,2,12:40:00,13:15:00
571,2023-10-16,1,10:40:00,12:00:00
572,2023-10-16,2,12:50:00,13:20:00
573,2023-10-17,1,10:30:00,11:20:00
574,2023-10-18,1,11:20:00,12:15:00
575,2023-10-19,1,10:50:00,11:50:00
576,2023-10-23,1,12:50:00,13:15:00
577,2023-10-24,1,11:15:00,13:15:00
578,2023-10-27,1,09:45:00,13:05:00
579,2023-10-30,1,10:30:00,11:35:00
580,2023-10-30,2,12:20:00,13:05:00
581,2023-10-31,1,10:30:00,10:50:00
582,2023-11-01,1,10:40:00,11:20:00
